titles,category
 윤 한 갈등 에 김경율 거취는  비대위원직 사퇴로 이어지나,Politics
한동훈 어깨 툭 친    갈등 이틀 만에 봉합  불씨는 여전,Politics
윤 대통령  법무부 장관에 박성재 전 서울고검장 지명,Politics
 공관위원장  후보간 인신공격 엄격 조처  계파 과열경쟁 경고 종합 ,Politics
한동훈   김여사  질문에  제 생각 충분히 말씀드렸다 ,Politics
공공기관 신규채용 심사 비용 응시자 부담했나   정부 합동 전수조사,Politics
김건희 향해  황후마마냐     이언주  민주당 복당 고심,Politics
 속보  합참  북한  서해 일대에서 순항미사일 여러 발 발사 ,Politics
한동훈  오늘 대학서 현장 간담회    청년 소통 행보 ,Politics
   한파 속   분 기다린 한동훈 어깨 치며 친근감     도 허리 숙여 인사,Politics
시몬스 침대  인천 부평에  시몬스 맨션  오픈,Economic
넷플릭스 신규 구독자     만명 시간외 주가    상승 상보 ,Economic
야심작 자율주행 전기차 애플카 출시 또 지연   빨라야     년 ,Economic
 별이 다섯개  모히건 인스파이어   개 타워로 이뤄진 호텔   성 ,Economic
뉴욕증시  차익실현 압박 속에 혼조세로 출발,Economic
 집값 더 떨어진다  주택가격전망  개월 연속 하락,Economic
경제  단체  중대재해법   인 미만 적용시 폐업 속출 적용 유예해야 ,Economic
펄펄 나는   벌벌 기는    시총 격차  경까지 벌어졌다,Economic
 단통법 폐지 추진  발표에 이통사들  당황  자초해놓고 왜 ,Economic
셀트리온  우시와 협업해 ADC 신약 개발 가속화,Economic
법원   대북송금 혐의  김성태   쌍방울 회장 보석 인용,social
전남도  설맞아 한우고기 최대     할인 행사,social
설 맞이  서울사랑상품권    일부터 발행    할인 판매,social
광주 전남 대설특보 내일까지 최대   cm 더 내린다,social
한파 대설에 전국 항공    편 결항 수도계량기 동파    건,social
 푸바오  이젠 안녕   월초 중국 보낸다,social
사흘째 제주섬 꽁꽁 항공편 서서히 운항 재개 전망,social
부산형 통합 늘봄 프로젝트 전국 첫 추진,social
제주공항 운항 재개 오늘    편 운항 예정,social
서울시의회  모든 저출생 정책 소득기준 없애자  파격 제안,social
한 달에 한 번만 마셔도  숙면 방해하는 이 음료,Culture
셀린 송 감독  패스트 라이브즈   아카데미 작품상 각본상 후보,Culture
서울 체감 영하   도  전국 꽁꽁 서해안 제주 많은 눈,Culture
 K 웹툰 시대  넷플릭스 급 한국형 웹툰 플랫폼 지원,Culture
JW신약  포트폴리오 확대로 국내 클리닉 시장 선도,Culture
 출근길 패딩 입어야겠네  눈 펑펑 내리는 강추위,Culture
 청소년 올림픽 왔다가 신나는 한국여행 덤으로 즐겨요 ,Culture
 북극 한파 에 폭설 강풍 이 시각 기상센터,Culture
 군마현  강제동원 조선인 추도비    일부터 철거 통보,World
한국  미 영 후티 반군 공습 지지 공동성명에 이름 올렸다,World
 투표 말라  바이든 목소리는 가짜 긴장 속 뉴햄프셔,World
러 크렘린궁  푸틴  월 대선 이전 방북 가능성 작아,World
러  키이우 하르키우 대규모 공습  최소   명 사망  종합 보 ,World
트럼프  내일 한명 사라질것  헤일리  경선은 마라톤  르포 ,World
미 NK뉴스  북한  김정은 지시로  조국통일  대헌장 기념탑  철거 ,World
튀르키예  스웨덴의 나토 가입 비준  친러  헝가리만 남았다,World
  윈난성 산사태   명 매몰   북극한파에 사망자 속출,World
SKT  갤럭시 S   예약  전작 상회  T팩토리 방문     증가,IT
 러닝 초보용 운동화 알려줘  네이버  질문에 답하는 생성형 AI 광고 선보인다,IT
LGU   AI가 고객상담 내용 분석 정리  VOC LAB  출시,IT
삼성이 꼽은 사이버 보안 화두   사기GPT 로 공격 시도 ,IT
   게임규제 초안 돌연 삭제 철회 기대감  고조 ,IT
이리 뒤척  저리 뒤척 잠 못 자는 한국인   꿀잠 에 돈 얼마나 쓰나,IT
하이브  엔터업계 첫 사내병원 설립  연습생도 이용가능,IT
과기정통부  매주  곳 이상 AI 기업 방문한다,IT
